Date,d15cm_unified,d45cm_unified,d75cm_unified,temp_inst,temp_med,temp_min,umid_inst,umid_med,umid_min,pto_orvalho_inst,pto_orvalho_med,pto_orvalho_min,pressao,pressao_max,pressao_min,vento_direcao,vento_vel,vento_rajada,radiacao,precipitacao,EToPM
2016-01-06 00:00:00.000,NaN,NaN,NaN,28.1208333333333,34.4,25,71.2083333333333,87,46,22.1625,23.3,20.1,99.9258333333333,1001.3,997,3.65416666666667,110.416666666667,7.2875,19.70706,0.8,6.15306304996696
2016-01-07 00:00:00.000,NaN,NaN,NaN,28.5291666666667,34.4,24.2,54.4583333333333,74,31,17.8666666666667,20.7,14.1,100.230833333333,1004.6,999.5,3.87916666666667,114.958333333333,8.9,21.2776,0,11.5492018225978
2016-01-08 00:00:00.000,NaN,NaN,NaN,28.4375,35.7,25.1,51.25,72,23,16.35,20.2,10.4,100.107083333333,1003.2,998.6,3.57083333333333,132.708333333333,8.78333333333333,23.323322,0,13.3278174282294
2016-01-09 00:00:00.000,NaN,NaN,NaN,28.8083333333333,36.3,25.2,55.5833333333333,73,26,18.2875,20.9,12.9,100.148333333333,1003.7,998.5,5.55,109.75,11.5166666666667,23.16899,0,13.116630530291
2016-01-10 00:00:00.000,NaN,NaN,NaN,28.0041666666667,34.3,24.8,63.2916666666667,78,40,20.0333333333333,21.4,18.1,100.062083333333,1003,998.5,5.4,102.125,10.225,19.66384,0,9.74527587200984
2016-01-11 00:00:00.000,NaN,NaN,NaN,28.9166666666667,36.7,25.3,55.5416666666667,74,25,18.2083333333333,21,12.9,99.8916666666666,1001.1,996.4,6.06666666666667,108.125,11.925,19.58836,0,12.7197340955066
2016-01-12 00:00:00.000,NaN,NaN,NaN,28.8833333333333,35.8,25.4,59.9166666666667,76,33,19.7458333333333,21.3,16.4,99.9733333333333,1001.9,997.6,5.18333333333333,102.5,10.7083333333333,24.71519,0,11.5527308719862
2016-01-13 00:00:00.000,NaN,NaN,NaN,NaN,NaN,NaN,NaN,NaN,NaN,NaN,NaN,NaN,NaN,NaN,NaN,NaN,NaN,NaN,0,0,NaN
2016-01-14 00:00:00.000,NaN,NaN,NaN,NaN,NaN,NaN,NaN,NaN,NaN,NaN,NaN,NaN,NaN,NaN,NaN,NaN,NaN,NaN,0,0,NaN
2016-01-15 00:00:00.000,NaN,NaN,NaN,NaN,NaN,NaN,NaN,NaN,NaN,NaN,NaN,NaN,NaN,NaN,NaN,NaN,NaN,NaN,0,0,NaN
2016-01-16 00:00:00.000,NaN,NaN,NaN,NaN,NaN,NaN,NaN,NaN,NaN,NaN,NaN,NaN,NaN,NaN,NaN,NaN,NaN,NaN,0,0,NaN
2016-01-17 00:00:00.000,NaN,NaN,NaN,NaN,NaN,NaN,NaN,NaN,NaN,NaN,NaN,NaN,NaN,NaN,NaN,NaN,NaN,NaN,0,0,NaN
2016-01-18 00:00:00.000,NaN,NaN,NaN,NaN,NaN,NaN,NaN,NaN,NaN,NaN,NaN,NaN,NaN,NaN,NaN,NaN,NaN,NaN,0,0,NaN
2016-01-19 00:00:00.000,NaN,NaN,NaN,NaN,NaN,NaN,NaN,NaN,NaN,NaN,NaN,NaN,NaN,NaN,NaN,NaN,NaN,NaN,0,0,NaN
2016-01-20 00:00:00.000,NaN,NaN,NaN,NaN,NaN,NaN,NaN,NaN,NaN,NaN,NaN,NaN,NaN,NaN,NaN,NaN,NaN,NaN,0,0,NaN
2016-01-21 00:00:00.000,NaN,NaN,NaN,NaN,NaN,NaN,NaN,NaN,NaN,NaN,NaN,NaN,NaN,NaN,NaN,NaN,NaN,NaN,0,0,NaN
2016-01-22 00:00:00.000,NaN,NaN,NaN,NaN,NaN,NaN,NaN,NaN,NaN,NaN,NaN,NaN,NaN,NaN,NaN,NaN,NaN,NaN,0,0,NaN
2016-01-23 00:00:00.000,NaN,NaN,NaN,NaN,NaN,NaN,NaN,NaN,NaN,NaN,NaN,NaN,NaN,NaN,NaN,NaN,NaN,NaN,0,0,NaN
2016-01-24 00:00:00.000,NaN,NaN,NaN,NaN,NaN,NaN,NaN,NaN,NaN,NaN,NaN,NaN,NaN,NaN,NaN,NaN,NaN,NaN,0,0,NaN
2016-01-25 00:00:00.000,NaN,NaN,NaN,NaN,NaN,NaN,NaN,NaN,NaN,NaN,NaN,NaN,NaN,NaN,NaN,NaN,NaN,NaN,0,0,NaN
2016-01-26 00:00:00.000,NaN,NaN,NaN,NaN,NaN,NaN,NaN,NaN,NaN,NaN,NaN,NaN,NaN,NaN,NaN,NaN,NaN,NaN,0,0,NaN
2016-01-27 00:00:00.000,NaN,NaN,NaN,NaN,NaN,NaN,NaN,NaN,NaN,NaN,NaN,NaN,NaN,NaN,NaN,NaN,NaN,NaN,0,0,NaN
2016-01-28 00:00:00.000,NaN,NaN,NaN,NaN,NaN,NaN,NaN,NaN,NaN,NaN,NaN,NaN,NaN,NaN,NaN,NaN,NaN,NaN,0,0,NaN
2016-01-29 00:00:00.000,NaN,NaN,NaN,NaN,NaN,NaN,NaN,NaN,NaN,NaN,NaN,NaN,NaN,NaN,NaN,NaN,NaN,NaN,0,0,NaN
2016-01-30 00:00:00.000,NaN,NaN,NaN,NaN,NaN,NaN,NaN,NaN,NaN,NaN,NaN,NaN,NaN,NaN,NaN,NaN,NaN,NaN,0,0,NaN
2016-01-31 00:00:00.000,NaN,NaN,NaN,NaN,NaN,NaN,NaN,NaN,NaN,NaN,NaN,NaN,NaN,NaN,NaN,NaN,NaN,NaN,0,0,NaN
2016-02-01 00:00:00.000,NaN,NaN,NaN,NaN,NaN,NaN,NaN,NaN,NaN,NaN,NaN,NaN,NaN,NaN,NaN,NaN,NaN,NaN,0,0,NaN
2016-02-02 00:00:00.000,NaN,NaN,NaN,NaN,NaN,NaN,NaN,NaN,NaN,NaN,NaN,NaN,NaN,NaN,NaN,NaN,NaN,NaN,0,0,NaN
2016-02-03 00:00:00.000,NaN,NaN,NaN,NaN,NaN,NaN,NaN,NaN,NaN,NaN,NaN,NaN,NaN,NaN,NaN,NaN,NaN,NaN,0,0,NaN
2016-02-04 00:00:00.000,NaN,NaN,NaN,NaN,NaN,NaN,NaN,NaN,NaN,NaN,NaN,NaN,NaN,NaN,NaN,NaN,NaN,NaN,0,0,NaN
2016-02-05 00:00:00.000,NaN,NaN,NaN,NaN,NaN,NaN,NaN,NaN,NaN,NaN,NaN,NaN,NaN,NaN,NaN,NaN,NaN,NaN,0,0,NaN
2016-02-06 00:00:00.000,NaN,NaN,NaN,28.7375,35.2,26,69.4583333333333,81,43,22.3125,23.5,19.6,99.9666666666667,1001.8,997.6,3.90833333333333,102.541666666667,7.97083333333333,21.04765,0,8.96854525368704
2016-02-07 00:00:00.000,NaN,NaN,NaN,28.45,35,24.9,54.8333333333333,72,33,18.0125,20.6,15.3,100.22125,1004,999.8,4.475,108.916666666667,9.4625,19.83204,0,12.619595112165
2016-02-08 00:00:00.000,NaN,NaN,NaN,28.3791666666667,35.8,24.4,52.25,75,26,16.8916666666667,19.9,12.7,100.215,1004,999.9,4.73333333333333,117.625,10.1416666666667,23.226287,0,11.9885348154851
2016-02-09 00:00:00.000,NaN,NaN,NaN,28.7458333333333,36.3,24.7,51.4166666666667,73,23,16.7125,20.5,11.2,100.16875,1003.8,998.9,5.59583333333333,108.166666666667,11.3833333333333,24.1674,0,13.1534567462311
2016-02-10 00:00:00.000,NaN,NaN,NaN,28.3791666666667,35.8,24.8,59.3333333333333,76,30,18.9875,21.3,15.1,99.9316666666667,1001.6,996.6,5.94583333333333,107.583333333333,11.5666666666667,24.44861,0,11.5620465773791
2016-02-11 00:00:00.000,NaN,NaN,NaN,29.1916666666667,37,25.4,52.875,72,28,17.8291666666667,20.7,14.4,99.9483333333334,1001,997,5.6125,111.666666666667,11.5791666666667,25.28836,0,14.1161599632694
2016-02-12 00:00:00.000,NaN,NaN,NaN,29.1833333333333,37.6,25.7,59.4166666666667,75,29,19.85,21.4,15.8,99.9733333333333,1001.3,997.1,5.6875,110.333333333333,11.5416666666667,23.51329,0,12.9876146040819
2016-02-13 00:00:00.000,NaN,NaN,NaN,NaN,NaN,NaN,NaN,NaN,NaN,NaN,NaN,NaN,NaN,NaN,NaN,NaN,NaN,NaN,0,0,NaN
2016-02-14 00:00:00.000,NaN,NaN,NaN,NaN,NaN,NaN,NaN,NaN,NaN,NaN,NaN,NaN,NaN,NaN,NaN,NaN,NaN,NaN,0,0,NaN
2016-02-15 00:00:00.000,NaN,NaN,NaN,NaN,NaN,NaN,NaN,NaN,NaN,NaN,NaN,NaN,NaN,NaN,NaN,NaN,NaN,NaN,0,0,NaN
2016-02-16 00:00:00.000,NaN,NaN,NaN,NaN,NaN,NaN,NaN,NaN,NaN,NaN,NaN,NaN,NaN,NaN,NaN,NaN,NaN,NaN,0,0,NaN
2016-02-17 00:00:00.000,NaN,NaN,NaN,NaN,NaN,NaN,NaN,NaN,NaN,NaN,NaN,NaN,NaN,NaN,NaN,NaN,NaN,NaN,0,0,NaN
2016-02-18 00:00:00.000,NaN,NaN,NaN,NaN,NaN,NaN,NaN,NaN,NaN,NaN,NaN,NaN,NaN,NaN,NaN,NaN,NaN,NaN,0,0,NaN
2016-02-19 00:00:00.000,NaN,NaN,NaN,NaN,NaN,NaN,NaN,NaN,NaN,NaN,NaN,NaN,NaN,NaN,NaN,NaN,NaN,NaN,0,0,NaN
2016-02-20 00:00:00.000,NaN,NaN,NaN,NaN,NaN,NaN,NaN,NaN,NaN,NaN,NaN,NaN,NaN,NaN,NaN,NaN,NaN,NaN,0,0,NaN
2016-02-21 00:00:00.000,NaN,NaN,NaN,NaN,NaN,NaN,NaN,NaN,NaN,NaN,NaN,NaN,NaN,NaN,NaN,NaN,NaN,NaN,0,0,NaN
2016-02-22 00:00:00.000,NaN,NaN,NaN,NaN,NaN,NaN,NaN,NaN,NaN,NaN,NaN,NaN,NaN,NaN,NaN,NaN,NaN,NaN,0,0,NaN
2016-02-23 00:00:00.000,NaN,NaN,NaN,NaN,NaN,NaN,NaN,NaN,NaN,NaN,NaN,NaN,NaN,NaN,NaN,NaN,NaN,NaN,0,0,NaN
2016-02-24 00:00:00.000,NaN,NaN,NaN,NaN,NaN,NaN,NaN,NaN,NaN,NaN,NaN,NaN,NaN,NaN,NaN,NaN,NaN,NaN,0,0,NaN
2016-02-25 00:00:00.000,NaN,NaN,NaN,NaN,NaN,NaN,NaN,NaN,NaN,NaN,NaN,NaN,NaN,NaN,NaN,NaN,NaN,NaN,0,0,NaN
2016-02-26 00:00:00.000,NaN,NaN,NaN,NaN,NaN,NaN,NaN,NaN,NaN,NaN,NaN,NaN,NaN,NaN,NaN,NaN,NaN,NaN,0,0,NaN
2016-02-27 00:00:00.000,NaN,NaN,NaN,NaN,NaN,NaN,NaN,NaN,NaN,NaN,NaN,NaN,NaN,NaN,NaN,NaN,NaN,NaN,0,0,NaN
2016-02-28 00:00:00.000,NaN,NaN,NaN,NaN,NaN,NaN,NaN,NaN,NaN,NaN,NaN,NaN,NaN,NaN,NaN,NaN,NaN,NaN,0,0,NaN
2016-02-29 00:00:00.000,NaN,NaN,NaN,NaN,NaN,NaN,NaN,NaN,NaN,NaN,NaN,NaN,NaN,NaN,NaN,NaN,NaN,NaN,0,0,NaN
2016-03-01 00:00:00.000,NaN,NaN,NaN,NaN,NaN,NaN,NaN,NaN,NaN,NaN,NaN,NaN,NaN,NaN,NaN,NaN,NaN,NaN,0,0,NaN
2016-03-02 00:00:00.000,NaN,NaN,NaN,NaN,NaN,NaN,NaN,NaN,NaN,NaN,NaN,NaN,NaN,NaN,NaN,NaN,NaN,NaN,0,0,NaN
2016-03-03 00:00:00.000,NaN,NaN,NaN,NaN,NaN,NaN,NaN,NaN,NaN,NaN,NaN,NaN,NaN,NaN,NaN,NaN,NaN,NaN,0,0,NaN
2016-03-04 00:00:00.000,NaN,NaN,NaN,NaN,NaN,NaN,NaN,NaN,NaN,NaN,NaN,NaN,NaN,NaN,NaN,NaN,NaN,NaN,0,0,NaN
2016-03-05 00:00:00.000,NaN,NaN,NaN,NaN,NaN,NaN,NaN,NaN,NaN,NaN,NaN,NaN,NaN,NaN,NaN,NaN,NaN,NaN,0,0,NaN
2016-03-06 00:00:00.000,NaN,NaN,NaN,27.9583333333333,33.3,24.9,76,91,55,23.175,25.5,22.3,100.023333333333,1002.1,997.9,3.78333333333333,101.083333333333,7.3625,15.85259,0.8,4.14844663028408
2016-03-07 00:00:00.000,NaN,NaN,NaN,28.7833333333333,35.5,25.4,55.0833333333333,77,25,17.8791666666667,21.5,11.9,100.270416666667,1004.2,1000.3,4.47083333333333,119.708333333333,9.7375,21.231921,0,10.8794113053672
2016-03-08 00:00:00.000,NaN,NaN,NaN,29.1583333333333,37,24.8,50.2083333333333,74,24,16.9916666666667,20.1,12.8,100.167083333333,1004.1,999.2,4.4375,123.041666666667,10.2291666666667,23.005638,0,13.1542520837591
2016-03-09 00:00:00.000,NaN,NaN,NaN,28.5166666666667,34.9,25.1,54.25,74,29,17.7041666666667,20.8,13.5,100.120833333333,1003.4,998.9,5.9,112.208333333333,11.7875,23.54701,0,11.9067511221908
2016-03-10 00:00:00.000,NaN,NaN,NaN,29.2833333333333,36.5,25.1,49.5833333333333,72,26,16.725,20.6,13.7,99.9525,1001.6,996.3,6.43333333333333,111.333333333333,12.1083333333333,25.04697,0,13.7849939947376
2016-03-11 00:00:00.000,NaN,NaN,NaN,29.4041666666667,36.8,25.8,55.2083333333333,73,29,18.7166666666667,21.2,15.1,100.001666666667,1002.1,998,6.02916666666667,110.583333333333,11.4291666666667,23.49604,0,13.4397795773687
2016-03-12 00:00:00.000,NaN,NaN,NaN,28.925,35.5,25.7,58.6666666666667,73,32,19.5291666666667,21.1,15.9,99.9054166666667,1000.8,996.9,6.6125,104.041666666667,12.5833333333333,20.86848,0,12.4977007022501
2016-03-13 00:00:00.000,NaN,NaN,NaN,NaN,NaN,NaN,NaN,NaN,NaN,NaN,NaN,NaN,NaN,NaN,NaN,NaN,NaN,NaN,0,0,NaN
2016-03-14 00:00:00.000,NaN,NaN,NaN,NaN,NaN,NaN,NaN,NaN,NaN,NaN,NaN,NaN,NaN,NaN,NaN,NaN,NaN,NaN,0,0,NaN
2016-03-15 00:00:00.000,NaN,NaN,NaN,NaN,NaN,NaN,NaN,NaN,NaN,NaN,NaN,NaN,NaN,NaN,NaN,NaN,NaN,NaN,0,0,NaN
2016-03-16 00:00:00.000,NaN,NaN,NaN,NaN,NaN,NaN,NaN,NaN,NaN,NaN,NaN,NaN,NaN,NaN,NaN,NaN,NaN,NaN,0,0,NaN
2016-03-17 00:00:00.000,NaN,NaN,NaN,NaN,NaN,NaN,NaN,NaN,NaN,NaN,NaN,NaN,NaN,NaN,NaN,NaN,NaN,NaN,0,0,NaN
2016-03-18 00:00:00.000,NaN,NaN,NaN,NaN,NaN,NaN,NaN,NaN,NaN,NaN,NaN,NaN,NaN,NaN,NaN,NaN,NaN,NaN,0,0,NaN
2016-03-19 00:00:00.000,NaN,NaN,NaN,NaN,NaN,NaN,NaN,NaN,NaN,NaN,NaN,NaN,NaN,NaN,NaN,NaN,NaN,NaN,0,0,NaN
2016-03-20 00:00:00.000,NaN,NaN,NaN,NaN,NaN,NaN,NaN,NaN,NaN,NaN,NaN,NaN,NaN,NaN,NaN,NaN,NaN,NaN,0,0,NaN
2016-03-21 00:00:00.000,NaN,NaN,NaN,NaN,NaN,NaN,NaN,NaN,NaN,NaN,NaN,NaN,NaN,NaN,NaN,NaN,NaN,NaN,0,0,NaN
2016-03-22 00:00:00.000,NaN,NaN,NaN,NaN,NaN,NaN,NaN,NaN,NaN,NaN,NaN,NaN,NaN,NaN,NaN,NaN,NaN,NaN,0,0,NaN
2016-03-23 00:00:00.000,NaN,NaN,NaN,NaN,NaN,NaN,NaN,NaN,NaN,NaN,NaN,NaN,NaN,NaN,NaN,NaN,NaN,NaN,0,0,NaN
2016-03-24 00:00:00.000,NaN,NaN,NaN,NaN,NaN,NaN,NaN,NaN,NaN,NaN,NaN,NaN,NaN,NaN,NaN,NaN,NaN,NaN,0,0,NaN
2016-03-25 00:00:00.000,NaN,NaN,NaN,NaN,NaN,NaN,NaN,NaN,NaN,NaN,NaN,NaN,NaN,NaN,NaN,NaN,NaN,NaN,0,0,NaN
2016-03-26 00:00:00.000,NaN,NaN,NaN,NaN,NaN,NaN,NaN,NaN,NaN,NaN,NaN,NaN,NaN,NaN,NaN,NaN,NaN,NaN,0,0,NaN
2016-03-27 00:00:00.000,NaN,NaN,NaN,NaN,NaN,NaN,NaN,NaN,NaN,NaN,NaN,NaN,NaN,NaN,NaN,NaN,NaN,NaN,0,0,NaN
2016-03-28 00:00:00.000,NaN,NaN,NaN,NaN,NaN,NaN,NaN,NaN,NaN,NaN,NaN,NaN,NaN,NaN,NaN,NaN,NaN,NaN,0,0,NaN
2016-03-29 00:00:00.000,NaN,NaN,NaN,NaN,NaN,NaN,NaN,NaN,NaN,NaN,NaN,NaN,NaN,NaN,NaN,NaN,NaN,NaN,0,0,NaN
2016-03-30 00:00:00.000,NaN,NaN,NaN,NaN,NaN,NaN,NaN,NaN,NaN,NaN,NaN,NaN,NaN,NaN,NaN,NaN,NaN,NaN,0,0,NaN
2016-03-31 00:00:00.000,NaN,NaN,NaN,NaN,NaN,NaN,NaN,NaN,NaN,NaN,NaN,NaN,NaN,NaN,NaN,NaN,NaN,NaN,0,0,NaN
2016-04-01 00:00:00.000,NaN,NaN,NaN,NaN,NaN,NaN,NaN,NaN,NaN,NaN,NaN,NaN,NaN,NaN,NaN,NaN,NaN,NaN,0,0,NaN
2016-04-02 00:00:00.000,NaN,NaN,NaN,NaN,NaN,NaN,NaN,NaN,NaN,NaN,NaN,NaN,NaN,NaN,NaN,NaN,NaN,NaN,0,0,NaN
2016-04-03 00:00:00.000,NaN,NaN,NaN,NaN,NaN,NaN,NaN,NaN,NaN,NaN,NaN,NaN,NaN,NaN,NaN,NaN,NaN,NaN,0,0,NaN
2016-04-04 00:00:00.000,NaN,NaN,NaN,NaN,NaN,NaN,NaN,NaN,NaN,NaN,NaN,NaN,NaN,NaN,NaN,NaN,NaN,NaN,0,0,NaN
2016-04-05 00:00:00.000,NaN,NaN,NaN,NaN,NaN,NaN,NaN,NaN,NaN,NaN,NaN,NaN,NaN,NaN,NaN,NaN,NaN,NaN,0,0,NaN
2016-04-06 00:00:00.000,NaN,NaN,NaN,28.4291666666667,34.1,25.5,68.625,82,45,21.8166666666667,23,19.6,100.000833333333,1002,997.6,4.00416666666667,109.833333333333,8.52083333333333,16.69512,0,7.9497140505683
2016-04-07 00:00:00.000,NaN,NaN,NaN,28.5333333333333,35,25.4,55.4166666666667,75,28,18.0333333333333,21.3,12.8,100.325833333333,1004.9,1001.1,4.65833333333333,117.25,9.9375,20.069832,0,11.4171800270669
2016-04-08 00:00:00.000,NaN,NaN,NaN,28.7708333333333,35.9,25.3,54.5,76,24,17.7666666666667,21.4,11.7,100.18125,1003.7,999.5,4.1375,114.625,9.225,21.858907,0,11.5294987021931
2016-04-09 00:00:00.000,NaN,NaN,NaN,28.5291666666667,36.5,24.7,57.5833333333333,76,25,18.5625,20.8,12.7,100.129583333333,1003.6,998.8,4.89583333333333,112.833333333333,11.0666666666667,24.72984,0,11.9748602201423
2016-04-10 00:00:00.000,NaN,NaN,NaN,29.0958333333333,36.3,25,54.0833333333333,76,28,18.0541666666667,21.2,14.2,99.87125,1001.2,995.9,5.50833333333333,108.333333333333,10.5625,19.99269,0,11.6212299670051
2016-04-11 00:00:00.000,NaN,NaN,NaN,29.7083333333333,37.5,25.8,52.9166666666667,72,25,18.1541666666667,21,13.6,100.07125,1002.9,997.8,6.09583333333333,111.041666666667,12.2833333333333,25.55301,0,14.4481126770265
2016-04-12 00:00:00.000,NaN,NaN,NaN,28.8166666666667,35.7,25.5,60,77,31,19.4916666666667,21.5,15.1,99.8945833333333,1000.5,996.6,5.17916666666667,105.625,10.0083333333333,22.91729,0,10.9973685157312
2016-04-13 00:00:00.000,NaN,NaN,NaN,NaN,NaN,NaN,NaN,NaN,NaN,NaN,NaN,NaN,NaN,NaN,NaN,NaN,NaN,NaN,0,0,NaN
2016-04-14 00:00:00.000,NaN,NaN,NaN,NaN,NaN,NaN,NaN,NaN,NaN,NaN,NaN,NaN,NaN,NaN,NaN,NaN,NaN,NaN,0,0,NaN
2016-04-15 00:00:00.000,NaN,NaN,NaN,NaN,NaN,NaN,NaN,NaN,NaN,NaN,NaN,NaN,NaN,NaN,NaN,NaN,NaN,NaN,0,0,NaN
2016-04-16 00:00:00.000,NaN,NaN,NaN,NaN,NaN,NaN,NaN,NaN,NaN,NaN,NaN,NaN,NaN,NaN,NaN,NaN,NaN,NaN,0,0,NaN
2016-04-17 00:00:00.000,NaN,NaN,NaN,NaN,NaN,NaN,NaN,NaN,NaN,NaN,NaN,NaN,NaN,NaN,NaN,NaN,NaN,NaN,0,0,NaN
2016-04-18 00:00:00.000,NaN,NaN,NaN,NaN,NaN,NaN,NaN,NaN,NaN,NaN,NaN,NaN,NaN,NaN,NaN,NaN,NaN,NaN,0,0,NaN
2016-04-19 00:00:00.000,NaN,NaN,NaN,NaN,NaN,NaN,NaN,NaN,NaN,NaN,NaN,NaN,NaN,NaN,NaN,NaN,NaN,NaN,0,0,NaN
2016-04-20 00:00:00.000,NaN,NaN,NaN,NaN,NaN,NaN,NaN,NaN,NaN,NaN,NaN,NaN,NaN,NaN,NaN,NaN,NaN,NaN,0,0,NaN
2016-04-21 00:00:00.000,NaN,NaN,NaN,NaN,NaN,NaN,NaN,NaN,NaN,NaN,NaN,NaN,NaN,NaN,NaN,NaN,NaN,NaN,0,0,NaN
2016-04-22 00:00:00.000,NaN,NaN,NaN,NaN,NaN,NaN,NaN,NaN,NaN,NaN,NaN,NaN,NaN,NaN,NaN,NaN,NaN,NaN,0,0,NaN
2016-04-23 00:00:00.000,NaN,NaN,NaN,NaN,NaN,NaN,NaN,NaN,NaN,NaN,NaN,NaN,NaN,NaN,NaN,NaN,NaN,NaN,0,0,NaN
2016-04-24 00:00:00.000,NaN,NaN,NaN,NaN,NaN,NaN,NaN,NaN,NaN,NaN,NaN,NaN,NaN,NaN,NaN,NaN,NaN,NaN,0,0,NaN
2016-04-25 00:00:00.000,NaN,NaN,NaN,NaN,NaN,NaN,NaN,NaN,NaN,NaN,NaN,NaN,NaN,NaN,NaN,NaN,NaN,NaN,0,0,NaN
2016-04-26 00:00:00.000,NaN,NaN,NaN,NaN,NaN,NaN,NaN,NaN,NaN,NaN,NaN,NaN,NaN,NaN,NaN,NaN,NaN,NaN,0,0,NaN
2016-04-27 00:00:00.000,NaN,NaN,NaN,NaN,NaN,NaN,NaN,NaN,NaN,NaN,NaN,NaN,NaN,NaN,NaN,NaN,NaN,NaN,0,0,NaN
2016-04-28 00:00:00.000,NaN,NaN,NaN,NaN,NaN,NaN,NaN,NaN,NaN,NaN,NaN,NaN,NaN,NaN,NaN,NaN,NaN,NaN,0,0,NaN
2016-04-29 00:00:00.000,NaN,NaN,NaN,NaN,NaN,NaN,NaN,NaN,NaN,NaN,NaN,NaN,NaN,NaN,NaN,NaN,NaN,NaN,0,0,NaN
2016-04-30 00:00:00.000,NaN,NaN,NaN,NaN,NaN,NaN,NaN,NaN,NaN,NaN,NaN,NaN,NaN,NaN,NaN,NaN,NaN,NaN,0,0,NaN
2016-05-01 00:00:00.000,NaN,NaN,NaN,NaN,NaN,NaN,NaN,NaN,NaN,NaN,NaN,NaN,NaN,NaN,NaN,NaN,NaN,NaN,0,0,NaN
2016-05-02 00:00:00.000,NaN,NaN,NaN,NaN,NaN,NaN,NaN,NaN,NaN,NaN,NaN,NaN,NaN,NaN,NaN,NaN,NaN,NaN,0,0,NaN
2016-05-03 00:00:00.000,NaN,NaN,NaN,NaN,NaN,NaN,NaN,NaN,NaN,NaN,NaN,NaN,NaN,NaN,NaN,NaN,NaN,NaN,0,0,NaN
2016-05-04 00:00:00.000,NaN,NaN,NaN,NaN,NaN,NaN,NaN,NaN,NaN,NaN,NaN,NaN,NaN,NaN,NaN,NaN,NaN,NaN,0,0,NaN
2016-05-05 00:00:00.000,NaN,NaN,NaN,NaN,NaN,NaN,NaN,NaN,NaN,NaN,NaN,NaN,NaN,NaN,NaN,NaN,NaN,NaN,0,0,NaN
2016-05-06 00:00:00.000,NaN,NaN,NaN,28.1666666666667,33.8,25.4,69.5416666666667,83,43,21.8416666666667,24.3,19,100.051666666667,1002.1,998.8,4.60833333333333,107.541666666667,9.67916666666667,16.7877,0.6,7.44077940366167
2016-05-07 00:00:00.000,NaN,NaN,NaN,28.125,35.4,24.6,61.0833333333333,79,31,19.2125,21.7,14.9,100.27375,1004.3,1000.1,4.45833333333333,103.458333333333,9.90833333333333,21.249288,0,9.91148079383455
2016-05-08 00:00:00.000,NaN,NaN,NaN,28.6708333333333,36.2,24.6,50.9166666666667,74,21,16.2583333333333,20.6,9.9,100.22375,1004.1,999.9,4.2375,120.916666666667,9.7375,23.485566,0,12.687997838024
2016-05-09 00:00:00.000,NaN,NaN,NaN,28.3958333333333,36.2,24.9,57.9583333333333,73,28,18.6333333333333,20.9,14.3,100.182083333333,1004.3,999.3,5.25,113.916666666667,11.8458333333333,24.43554,0,13.1402430285287
2016-05-10 00:00:00.000,NaN,NaN,NaN,29.5041666666667,38.6,25.2,53.9583333333333,73,24,18.5125,20.5,13.9,99.7858333333333,1000.1,994.8,4.47916666666667,112.541666666667,9.475,26.10988,0,14.7201355540384
2016-05-11 00:00:00.000,NaN,NaN,NaN,29.3041666666667,37,25.8,55.2083333333333,73,28,18.6208333333333,20.8,14.7,100.0525,1002.3,998,6.25833333333333,107.333333333333,13.0458333333333,25.73911,0,13.649494648371
2016-05-12 00:00:00.000,NaN,NaN,NaN,28.95,35.5,25.5,62.2916666666667,78,35,20.4125,21.9,16.7,99.9533333333333,1001.4,997.1,5.11666666666667,102.875,9.63333333333333,20.97868,0,10.3669005919114
2016-05-13 00:00:00.000,NaN,NaN,NaN,NaN,NaN,NaN,NaN,NaN,NaN,NaN,NaN,NaN,NaN,NaN,NaN,NaN,NaN,NaN,0,0,NaN
2016-05-14 00:00:00.000,NaN,NaN,NaN,NaN,NaN,NaN,NaN,NaN,NaN,NaN,NaN,NaN,NaN,NaN,NaN,NaN,NaN,NaN,0,0,NaN
2016-05-15 00:00:00.000,NaN,NaN,NaN,NaN,NaN,NaN,NaN,NaN,NaN,NaN,NaN,NaN,NaN,NaN,NaN,NaN,NaN,NaN,0,0,NaN
2016-05-16 00:00:00.000,NaN,NaN,NaN,NaN,NaN,NaN,NaN,NaN,NaN,NaN,NaN,NaN,NaN,NaN,NaN,NaN,NaN,NaN,0,0,NaN
2016-05-17 00:00:00.000,NaN,NaN,NaN,NaN,NaN,NaN,NaN,NaN,NaN,NaN,NaN,NaN,NaN,NaN,NaN,NaN,NaN,NaN,0,0,NaN
2016-05-18 00:00:00.000,NaN,NaN,NaN,NaN,NaN,NaN,NaN,NaN,NaN,NaN,NaN,NaN,NaN,NaN,NaN,NaN,NaN,NaN,0,0,NaN
2016-05-19 00:00:00.000,NaN,NaN,NaN,NaN,NaN,NaN,NaN,NaN,NaN,NaN,NaN,NaN,NaN,NaN,NaN,NaN,NaN,NaN,0,0,NaN
2016-05-20 00:00:00.000,NaN,NaN,NaN,NaN,NaN,NaN,NaN,NaN,NaN,NaN,NaN,NaN,NaN,NaN,NaN,NaN,NaN,NaN,0,0,NaN
2016-05-21 00:00:00.000,NaN,NaN,NaN,NaN,NaN,NaN,NaN,NaN,NaN,NaN,NaN,NaN,NaN,NaN,NaN,NaN,NaN,NaN,0,0,NaN
2016-05-22 00:00:00.000,NaN,NaN,NaN,NaN,NaN,NaN,NaN,NaN,NaN,NaN,NaN,NaN,NaN,NaN,NaN,NaN,NaN,NaN,0,0,NaN
2016-05-23 00:00:00.000,NaN,NaN,NaN,NaN,NaN,NaN,NaN,NaN,NaN,NaN,NaN,NaN,NaN,NaN,NaN,NaN,NaN,NaN,0,0,NaN
2016-05-24 00:00:00.000,NaN,NaN,NaN,NaN,NaN,NaN,NaN,NaN,NaN,NaN,NaN,NaN,NaN,NaN,NaN,NaN,NaN,NaN,0,0,NaN
2016-05-25 00:00:00.000,NaN,NaN,NaN,NaN,NaN,NaN,NaN,NaN,NaN,NaN,NaN,NaN,NaN,NaN,NaN,NaN,NaN,NaN,0,0,NaN
2016-05-26 00:00:00.000,NaN,NaN,NaN,NaN,NaN,NaN,NaN,NaN,NaN,NaN,NaN,NaN,NaN,NaN,NaN,NaN,NaN,NaN,0,0,NaN
2016-05-27 00:00:00.000,NaN,NaN,NaN,NaN,NaN,NaN,NaN,NaN,NaN,NaN,NaN,NaN,NaN,NaN,NaN,NaN,NaN,NaN,0,0,NaN
2016-05-28 00:00:00.000,NaN,NaN,NaN,NaN,NaN,NaN,NaN,NaN,NaN,NaN,NaN,NaN,NaN,NaN,NaN,NaN,NaN,NaN,0,0,NaN
2016-05-29 00:00:00.000,NaN,NaN,NaN,NaN,NaN,NaN,NaN,NaN,NaN,NaN,NaN,NaN,NaN,NaN,NaN,NaN,NaN,NaN,0,0,NaN
2016-05-30 00:00:00.000,NaN,NaN,NaN,NaN,NaN,NaN,NaN,NaN,NaN,NaN,NaN,NaN,NaN,NaN,NaN,NaN,NaN,NaN,0,0,NaN
2016-05-31 00:00:00.000,NaN,NaN,NaN,NaN,NaN,NaN,NaN,NaN,NaN,NaN,NaN,NaN,NaN,NaN,NaN,NaN,NaN,NaN,0,0,NaN
2016-06-01 00:00:00.000,NaN,NaN,NaN,NaN,NaN,NaN,NaN,NaN,NaN,NaN,NaN,NaN,NaN,NaN,NaN,NaN,NaN,NaN,0,0,NaN
2016-06-02 00:00:00.000,NaN,NaN,NaN,NaN,NaN,NaN,NaN,NaN,NaN,NaN,NaN,NaN,NaN,NaN,NaN,NaN,NaN,NaN,0,0,NaN
2016-06-03 00:00:00.000,NaN,NaN,NaN,NaN,NaN,NaN,NaN,NaN,NaN,NaN,NaN,NaN,NaN,NaN,NaN,NaN,NaN,NaN,0,0,NaN
2016-06-04 00:00:00.000,NaN,NaN,NaN,NaN,NaN,NaN,NaN,NaN,NaN,NaN,NaN,NaN,NaN,NaN,NaN,NaN,NaN,NaN,0,0,NaN
2016-06-05 00:00:00.000,NaN,NaN,NaN,NaN,NaN,NaN,NaN,NaN,NaN,NaN,NaN,NaN,NaN,NaN,NaN,NaN,NaN,NaN,0,0,NaN
2016-06-06 00:00:00.000,NaN,NaN,NaN,27.025,31.9,23.7,76.2916666666667,90,56,22.4416666666667,23.9,21.1,100.10625,1002.4,999.4,3.75833333333333,110.291666666667,8.4625,10.35462,5.8,4.01948541279798
2016-06-07 00:00:00.000,NaN,NaN,NaN,26.6791666666667,31.4,24,69.2083333333333,89,46,20.3791666666667,23,17.9,100.29625,1004.3,1001.8,4.5375,118.333333333333,10.0541666666667,12.020052,0.2,4.3428863971705
2016-06-08 00:00:00.000,NaN,NaN,NaN,28.1791666666667,36.5,24.3,58.0833333333333,75,25,18.3583333333333,20.5,12.6,100.273333333333,1004.6,1000.2,4.76666666666667,113.083333333333,10.0458333333333,22.864414,0,12.342204857574
2016-06-09 00:00:00.000,NaN,NaN,NaN,28.4625,37.2,25,58.2083333333333,74,25,18.6875,20.9,13.4,100.192916666667,1004,999.1,4.77083333333333,110.75,10.4666666666667,24.5405,0,13.2733084831952
2016-06-10 00:00:00.000,NaN,NaN,NaN,28.4458333333333,35.2,25.4,60.5833333333333,76,33,19.5458333333333,21.6,15.7,99.77375,1000.3,995.2,4.38333333333333,103.708333333333,8.81666666666667,17.63665,0,10.9111018779139
2016-06-11 00:00:00.000,NaN,NaN,NaN,29.15,36.7,25.7,56.875,74,29,18.9541666666667,20.9,14.9,99.9595833333334,1002,996.8,5.84166666666667,110,12.2833333333333,24.22225,0,12.9552189710788
2016-06-12 00:00:00.000,NaN,NaN,NaN,29.0125,35.4,25.9,62.375,78,37,20.5791666666667,22,18.2,100.000416666667,1002.3,998.5,5.94166666666667,102.916666666667,11.0875,23.28577,0,10.4297731671117
2016-06-13 00:00:00.000,NaN,NaN,NaN,NaN,NaN,NaN,NaN,NaN,NaN,NaN,NaN,NaN,NaN,NaN,NaN,NaN,NaN,NaN,0,0,NaN
2016-06-14 00:00:00.000,NaN,NaN,NaN,NaN,NaN,NaN,NaN,NaN,NaN,NaN,NaN,NaN,NaN,NaN,NaN,NaN,NaN,NaN,0,0,NaN
2016-06-15 00:00:00.000,NaN,NaN,NaN,NaN,NaN,NaN,NaN,NaN,NaN,NaN,NaN,NaN,NaN,NaN,NaN,NaN,NaN,NaN,0,0,NaN
2016-06-16 00:00:00.000,NaN,NaN,NaN,NaN,NaN,NaN,NaN,NaN,NaN,NaN,NaN,NaN,NaN,NaN,NaN,NaN,NaN,NaN,0,0,NaN
2016-06-17 00:00:00.000,NaN,NaN,NaN,NaN,NaN,NaN,NaN,NaN,NaN,NaN,NaN,NaN,NaN,NaN,NaN,NaN,NaN,NaN,0,0,NaN
2016-06-18 00:00:00.000,NaN,NaN,NaN,NaN,NaN,NaN,NaN,NaN,NaN,NaN,NaN,NaN,NaN,NaN,NaN,NaN,NaN,NaN,0,0,NaN
2016-06-19 00:00:00.000,NaN,NaN,NaN,NaN,NaN,NaN,NaN,NaN,NaN,NaN,NaN,NaN,NaN,NaN,NaN,NaN,NaN,NaN,0,0,NaN
2016-06-20 00:00:00.000,NaN,NaN,NaN,NaN,NaN,NaN,NaN,NaN,NaN,NaN,NaN,NaN,NaN,NaN,NaN,NaN,NaN,NaN,0,0,NaN
2016-06-21 00:00:00.000,NaN,NaN,NaN,NaN,NaN,NaN,NaN,NaN,NaN,NaN,NaN,NaN,NaN,NaN,NaN,NaN,NaN,NaN,0,0,NaN
2016-06-22 00:00:00.000,NaN,NaN,NaN,NaN,NaN,NaN,NaN,NaN,NaN,NaN,NaN,NaN,NaN,NaN,NaN,NaN,NaN,NaN,0,0,NaN
2016-06-23 00:00:00.000,NaN,NaN,NaN,NaN,NaN,NaN,NaN,NaN,NaN,NaN,NaN,NaN,NaN,NaN,NaN,NaN,NaN,NaN,0,0,NaN
2016-06-24 00:00:00.000,NaN,NaN,NaN,NaN,NaN,NaN,NaN,NaN,NaN,NaN,NaN,NaN,NaN,NaN,NaN,NaN,NaN,NaN,0,0,NaN
2016-06-25 00:00:00.000,NaN,NaN,NaN,NaN,NaN,NaN,NaN,NaN,NaN,NaN,NaN,NaN,NaN,NaN,NaN,NaN,NaN,NaN,0,0,NaN
2016-06-26 00:00:00.000,NaN,NaN,NaN,NaN,NaN,NaN,NaN,NaN,NaN,NaN,NaN,NaN,NaN,NaN,NaN,NaN,NaN,NaN,0,0,NaN
2016-06-27 00:00:00.000,NaN,NaN,NaN,NaN,NaN,NaN,NaN,NaN,NaN,NaN,NaN,NaN,NaN,NaN,NaN,NaN,NaN,NaN,0,0,NaN
2016-06-28 00:00:00.000,NaN,NaN,NaN,NaN,NaN,NaN,NaN,NaN,NaN,NaN,NaN,NaN,NaN,NaN,NaN,NaN,NaN,NaN,0,0,NaN
2016-06-29 00:00:00.000,NaN,NaN,NaN,NaN,NaN,NaN,NaN,NaN,NaN,NaN,NaN,NaN,NaN,NaN,NaN,NaN,NaN,NaN,0,0,NaN
2016-06-30 00:00:00.000,NaN,NaN,NaN,NaN,NaN,NaN,NaN,NaN,NaN,NaN,NaN,NaN,NaN,NaN,NaN,NaN,NaN,NaN,0,0,NaN
2016-07-01 00:00:00.000,NaN,NaN,NaN,NaN,NaN,NaN,NaN,NaN,NaN,NaN,NaN,NaN,NaN,NaN,NaN,NaN,NaN,NaN,0,0,NaN
2016-07-02 00:00:00.000,NaN,NaN,NaN,NaN,NaN,NaN,NaN,NaN,NaN,NaN,NaN,NaN,NaN,NaN,NaN,NaN,NaN,NaN,0,0,NaN
2016-07-03 00:00:00.000,NaN,NaN,NaN,NaN,NaN,NaN,NaN,NaN,NaN,NaN,NaN,NaN,NaN,NaN,NaN,NaN,NaN,NaN,0,0,NaN
2016-07-04 00:00:00.000,NaN,NaN,NaN,NaN,NaN,NaN,NaN,NaN,NaN,NaN,NaN,NaN,NaN,NaN,NaN,NaN,NaN,NaN,0,0,NaN
2016-07-05 00:00:00.000,NaN,NaN,NaN,NaN,NaN,NaN,NaN,NaN,NaN,NaN,NaN,NaN,NaN,NaN,NaN,NaN,NaN,NaN,0,0,NaN
2016-07-06 00:00:00.000,NaN,NaN,NaN,27.85,33.4,24,68.9166666666667,86,48,21.35,22.8,18.6,100.17625,1003.5,999.9,3.2875,122.125,7.12083333333333,21.13079,0.4,6.31015813074358
2016-07-07 00:00:00.000,NaN,NaN,NaN,28.2291666666667,36,24.3,59.7083333333333,78,31,19.0166666666667,20.7,15.3,100.286666666667,1005.1,1000.3,3.55833333333333,108.166666666667,7.95833333333333,20.36496,0.2,10.603379332098
2016-07-08 00:00:00.000,NaN,NaN,NaN,28.0833333333333,36.2,24.4,55.0833333333333,74,23,17.3791666666667,20.7,11,100.291666666667,1004.5,1000.2,4.75833333333333,124.666666666667,11.2666666666667,23.966503,0,12.7262340725095
2016-07-09 00:00:00.000,NaN,NaN,NaN,28.3208333333333,37.2,24.8,58.7083333333333,75,25,18.7291666666667,20.9,13.6,100.16125,1003.7,998.4,4.8375,112.625,9.71666666666667,24.27405,0,12.8059103357762
2016-07-10 00:00:00.000,NaN,NaN,NaN,28.1208333333333,34.9,25,64.2083333333333,79,36,20.1833333333333,21.6,16.9,99.80125,999.8,995.6,4.84166666666667,102.041666666667,9.0125,20.88863,0,9.66344176170652
2016-07-11 00:00:00.000,NaN,NaN,NaN,29.0458333333333,36.2,25.8,56.5,72,30,18.8875,21,15.3,99.8916666666667,1001.4,996.5,6.42083333333333,111.416666666667,13.05,24.37838,0,13.5665258332261
2016-07-12 00:00:00.000,NaN,NaN,NaN,29.05,36.1,26,61.9166666666667,77,34,20.4041666666667,21.9,16.7,99.915,1001,997.2,5.27083333333333,101.416666666667,9.7375,20.66352,0,11.0681357671991
2016-07-13 00:00:00.000,NaN,NaN,NaN,NaN,NaN,NaN,NaN,NaN,NaN,NaN,NaN,NaN,NaN,NaN,NaN,NaN,NaN,NaN,0,0,NaN
2016-07-14 00:00:00.000,NaN,NaN,NaN,NaN,NaN,NaN,NaN,NaN,NaN,NaN,NaN,NaN,NaN,NaN,NaN,NaN,NaN,NaN,0,0,NaN
2016-07-15 00:00:00.000,NaN,NaN,NaN,NaN,NaN,NaN,NaN,NaN,NaN,NaN,NaN,NaN,NaN,NaN,NaN,NaN,NaN,NaN,0,0,NaN
2016-07-16 00:00:00.000,NaN,NaN,NaN,NaN,NaN,NaN,NaN,NaN,NaN,NaN,NaN,NaN,NaN,NaN,NaN,NaN,NaN,NaN,0,0,NaN
2016-07-17 00:00:00.000,NaN,NaN,NaN,NaN,NaN,NaN,NaN,NaN,NaN,NaN,NaN,NaN,NaN,NaN,NaN,NaN,NaN,NaN,0,0,NaN
2016-07-18 00:00:00.000,NaN,NaN,NaN,NaN,NaN,NaN,NaN,NaN,NaN,NaN,NaN,NaN,NaN,NaN,NaN,NaN,NaN,NaN,0,0,NaN
2016-07-19 00:00:00.000,NaN,NaN,NaN,NaN,NaN,NaN,NaN,NaN,NaN,NaN,NaN,NaN,NaN,NaN,NaN,NaN,NaN,NaN,0,0,NaN
2016-07-20 00:00:00.000,NaN,NaN,NaN,NaN,NaN,NaN,NaN,NaN,NaN,NaN,NaN,NaN,NaN,NaN,NaN,NaN,NaN,NaN,0,0,NaN
2016-07-21 00:00:00.000,NaN,NaN,NaN,NaN,NaN,NaN,NaN,NaN,NaN,NaN,NaN,NaN,NaN,NaN,NaN,NaN,NaN,NaN,0,0,NaN
2016-07-22 00:00:00.000,NaN,NaN,NaN,NaN,NaN,NaN,NaN,NaN,NaN,NaN,NaN,NaN,NaN,NaN,NaN,NaN,NaN,NaN,0,0,NaN
2016-07-23 00:00:00.000,NaN,NaN,NaN,NaN,NaN,NaN,NaN,NaN,NaN,NaN,NaN,NaN,NaN,NaN,NaN,NaN,NaN,NaN,0,0,NaN
2016-07-24 00:00:00.000,NaN,NaN,NaN,NaN,NaN,NaN,NaN,NaN,NaN,NaN,NaN,NaN,NaN,NaN,NaN,NaN,NaN,NaN,0,0,NaN
2016-07-25 00:00:00.000,NaN,NaN,NaN,NaN,NaN,NaN,NaN,NaN,NaN,NaN,NaN,NaN,NaN,NaN,NaN,NaN,NaN,NaN,0,0,NaN
2016-07-26 00:00:00.000,NaN,NaN,NaN,NaN,NaN,NaN,NaN,NaN,NaN,NaN,NaN,NaN,NaN,NaN,NaN,NaN,NaN,NaN,0,0,NaN
2016-07-27 00:00:00.000,NaN,NaN,NaN,NaN,NaN,NaN,NaN,NaN,NaN,NaN,NaN,NaN,NaN,NaN,NaN,NaN,NaN,NaN,0,0,NaN
2016-07-28 00:00:00.000,NaN,NaN,NaN,NaN,NaN,NaN,NaN,NaN,NaN,NaN,NaN,NaN,NaN,NaN,NaN,NaN,NaN,NaN,0,0,NaN
2016-07-29 00:00:00.000,NaN,NaN,NaN,NaN,NaN,NaN,NaN,NaN,NaN,NaN,NaN,NaN,NaN,NaN,NaN,NaN,NaN,NaN,0,0,NaN
2016-07-30 00:00:00.000,NaN,NaN,NaN,NaN,NaN,NaN,NaN,NaN,NaN,NaN,NaN,NaN,NaN,NaN,NaN,NaN,NaN,NaN,0,0,NaN
2016-07-31 00:00:00.000,NaN,NaN,NaN,NaN,NaN,NaN,NaN,NaN,NaN,NaN,NaN,NaN,NaN,NaN,NaN,NaN,NaN,NaN,0,0,NaN
2016-08-01 00:00:00.000,NaN,NaN,NaN,NaN,NaN,NaN,NaN,NaN,NaN,NaN,NaN,NaN,NaN,NaN,NaN,NaN,NaN,NaN,0,0,NaN
2016-08-02 00:00:00.000,NaN,NaN,NaN,NaN,NaN,NaN,NaN,NaN,NaN,NaN,NaN,NaN,NaN,NaN,NaN,NaN,NaN,NaN,0,0,NaN
2016-08-03 00:00:00.000,NaN,NaN,NaN,NaN,NaN,NaN,NaN,NaN,NaN,NaN,NaN,NaN,NaN,NaN,NaN,NaN,NaN,NaN,0,0,NaN
2016-08-04 00:00:00.000,NaN,NaN,NaN,NaN,NaN,NaN,NaN,NaN,NaN,NaN,NaN,NaN,NaN,NaN,NaN,NaN,NaN,NaN,0,0,NaN
2016-08-05 00:00:00.000,NaN,NaN,NaN,NaN,NaN,NaN,NaN,NaN,NaN,NaN,NaN,NaN,NaN,NaN,NaN,NaN,NaN,NaN,0,0,NaN
2016-08-06 00:00:00.000,NaN,NaN,NaN,27.9541666666667,34.1,25.3,71.25,83,46,22.0083333333333,23.1,20.2,100.193333333333,1003.6,1000.2,3.88333333333333,107.791666666667,7.7875,17.82112,0,7.59169908071345
2016-08-07 00:00:00.000,NaN,NaN,NaN,27.0833333333333,31.8,25.4,71.625,88,51,21.4166666666667,24.9,19,100.385416666667,1005.7,1002.2,3.7625,108.416666666667,8.58333333333333,13.048917,0.2,4.82280487175453
2016-08-08 00:00:00.000,NaN,NaN,NaN,28.2083333333333,35,24.9,60.75,76,33,19.2916666666667,20.9,15.4,100.270833333333,1004.8,1000.2,5.47916666666667,114.541666666667,11.7291666666667,21.051397,0,11.0232282315098
2016-08-09 00:00:00.000,NaN,NaN,NaN,27.9166666666667,36.6,24.6,58.9166666666667,74,27,18.525,20.6,14.3,100.109583333333,1003.3,998.1,5.09166666666667,110.166666666667,10.1208333333333,24.69709,0,12.920334482262
2016-08-10 00:00:00.000,NaN,NaN,NaN,28.1083333333333,34.3,24.7,61,79,35,19.225,21.2,16,99.9320833333333,1001.3,997.7,5.675,103.125,10.675,21.23545,0,9.41817402575042
2016-08-11 00:00:00.000,NaN,NaN,NaN,29.1166666666667,35.7,25.8,59.5416666666667,75,35,20.0333333333333,21.3,17.1,99.8916666666667,1000.8,996.6,6.46666666666667,106.791666666667,12.825,24.73951,0,11.9510695487619
2016-08-12 00:00:00.000,NaN,NaN,NaN,29.25,36,25.7,62.5833333333333,79,33,20.775,22.2,16.6,99.8983333333334,1000.8,996.7,4.85833333333333,96.25,8.975,21.98182,0,10.1926913233777
2016-08-13 00:00:00.000,NaN,NaN,NaN,NaN,NaN,NaN,NaN,NaN,NaN,NaN,NaN,NaN,NaN,NaN,NaN,NaN,NaN,NaN,0,0,NaN
2016-08-14 00:00:00.000,NaN,NaN,NaN,NaN,NaN,NaN,NaN,NaN,NaN,NaN,NaN,NaN,NaN,NaN,NaN,NaN,NaN,NaN,0,0,NaN
2016-08-15 00:00:00.000,NaN,NaN,NaN,NaN,NaN,NaN,NaN,NaN,NaN,NaN,NaN,NaN,NaN,NaN,NaN,NaN,NaN,NaN,0,0,NaN
2016-08-16 00:00:00.000,NaN,NaN,NaN,NaN,NaN,NaN,NaN,NaN,NaN,NaN,NaN,NaN,NaN,NaN,NaN,NaN,NaN,NaN,0,0,NaN
2016-08-17 00:00:00.000,NaN,NaN,NaN,NaN,NaN,NaN,NaN,NaN,NaN,NaN,NaN,NaN,NaN,NaN,NaN,NaN,NaN,NaN,0,0,NaN
2016-08-18 00:00:00.000,NaN,NaN,NaN,NaN,NaN,NaN,NaN,NaN,NaN,NaN,NaN,NaN,NaN,NaN,NaN,NaN,NaN,NaN,0,0,NaN
2016-08-19 00:00:00.000,NaN,NaN,NaN,NaN,NaN,NaN,NaN,NaN,NaN,NaN,NaN,NaN,NaN,NaN,NaN,NaN,NaN,NaN,0,0,NaN
2016-08-20 00:00:00.000,NaN,NaN,NaN,NaN,NaN,NaN,NaN,NaN,NaN,NaN,NaN,NaN,NaN,NaN,NaN,NaN,NaN,NaN,0,0,NaN
2016-08-21 00:00:00.000,NaN,NaN,NaN,NaN,NaN,NaN,NaN,NaN,NaN,NaN,NaN,NaN,NaN,NaN,NaN,NaN,NaN,NaN,0,0,NaN
2016-08-22 00:00:00.000,NaN,NaN,NaN,NaN,NaN,NaN,NaN,NaN,NaN,NaN,NaN,NaN,NaN,NaN,NaN,NaN,NaN,NaN,0,0,NaN
2016-08-23 00:00:00.000,NaN,NaN,NaN,NaN,NaN,NaN,NaN,NaN,NaN,NaN,NaN,NaN,NaN,NaN,NaN,NaN,NaN,NaN,0,0,NaN
2016-08-24 00:00:00.000,NaN,NaN,NaN,NaN,NaN,NaN,NaN,NaN,NaN,NaN,NaN,NaN,NaN,NaN,NaN,NaN,NaN,NaN,0,0,NaN
2016-08-25 00:00:00.000,NaN,NaN,NaN,NaN,NaN,NaN,NaN,NaN,NaN,NaN,NaN,NaN,NaN,NaN,NaN,NaN,NaN,NaN,0,0,NaN
2016-08-26 00:00:00.000,NaN,NaN,NaN,NaN,NaN,NaN,NaN,NaN,NaN,NaN,NaN,NaN,NaN,NaN,NaN,NaN,NaN,NaN,0,0,NaN
2016-08-27 00:00:00.000,NaN,NaN,NaN,NaN,NaN,NaN,NaN,NaN,NaN,NaN,NaN,NaN,NaN,NaN,NaN,NaN,NaN,NaN,0,0,NaN
2016-08-28 00:00:00.000,NaN,NaN,NaN,NaN,NaN,NaN,NaN,NaN,NaN,NaN,NaN,NaN,NaN,NaN,NaN,NaN,NaN,NaN,0,0,NaN
2016-08-29 00:00:00.000,NaN,NaN,NaN,NaN,NaN,NaN,NaN,NaN,NaN,NaN,NaN,NaN,NaN,NaN,NaN,NaN,NaN,NaN,0,0,NaN
2016-08-30 00:00:00.000,NaN,NaN,NaN,NaN,NaN,NaN,NaN,NaN,NaN,NaN,NaN,NaN,NaN,NaN,NaN,NaN,NaN,NaN,0,0,NaN
2016-08-31 00:00:00.000,NaN,NaN,NaN,NaN,NaN,NaN,NaN,NaN,NaN,NaN,NaN,NaN,NaN,NaN,NaN,NaN,NaN,NaN,0,0,NaN
2016-09-01 00:00:00.000,NaN,NaN,NaN,NaN,NaN,NaN,NaN,NaN,NaN,NaN,NaN,NaN,NaN,NaN,NaN,NaN,NaN,NaN,0,0,NaN
2016-09-02 00:00:00.000,NaN,NaN,NaN,NaN,NaN,NaN,NaN,NaN,NaN,NaN,NaN,NaN,NaN,NaN,NaN,NaN,NaN,NaN,0,0,NaN
2016-09-03 00:00:00.000,NaN,NaN,NaN,NaN,NaN,NaN,NaN,NaN,NaN,NaN,NaN,NaN,NaN,NaN,NaN,NaN,NaN,NaN,0,0,NaN
2016-09-04 00:00:00.000,NaN,NaN,NaN,NaN,NaN,NaN,NaN,NaN,NaN,NaN,NaN,NaN,NaN,NaN,NaN,NaN,NaN,NaN,0,0,NaN
2016-09-05 00:00:00.000,NaN,NaN,NaN,NaN,NaN,NaN,NaN,NaN,NaN,NaN,NaN,NaN,NaN,NaN,NaN,NaN,NaN,NaN,0,0,NaN
2016-09-06 00:00:00.000,NaN,NaN,NaN,26.3791666666667,33,21.3,79.75,93,51,22.4583333333333,24,19.5,100.332083333333,1004.8,1002.2,3.00416666666667,114.666666666667,6.74583333333333,12.93206,20,3.19035215027679
2016-09-07 00:00:00.000,NaN,NaN,NaN,27.425,33.9,24.9,69.6666666666667,84,40,21.0833333333333,22.4,17.7,100.370416666667,1005.6,1001.8,4.3625,99.9166666666667,8.9875,12.69881,0,6.87705799355363
2016-09-08 00:00:00.000,NaN,NaN,NaN,27.8791666666667,35.6,24.7,61.625,78,29,19.3416666666667,20.9,14.5,100.284166666667,1004.7,1000.6,4.37083333333333,117.291666666667,9.74583333333334,21.663956,0,10.5038221602018
2016-09-09 00:00:00.000,NaN,NaN,NaN,27.825,35.1,24.7,57.25,73,28,17.975,20.3,13.2,100.190416666667,1004.2,999.5,5.525,111.708333333333,10.65,24.18464,0,12.4663807490537
2016-09-10 00:00:00.000,NaN,NaN,NaN,28.6541666666667,35.7,24.9,57.4583333333333,77,30,18.6041666666667,21,14.6,99.995,1001.9,997.5,5.48333333333333,106.625,10.6583333333333,23.84687,0,11.0453733138728
2016-09-11 00:00:00.000,NaN,NaN,NaN,28.3916666666667,33.2,25.5,64.3333333333333,80,46,20.7416666666667,22.2,18.3,99.9841666666667,1001.4,998,6.925,106.125,12.9916666666667,20.56392,0,8.54048195263242
2016-09-12 00:00:00.000,NaN,NaN,NaN,28.9041666666667,35.5,25.9,63,78,34,20.6083333333333,22.2,16.4,99.8825,1000.9,996.7,4.84583333333333,103.708333333333,9.60833333333333,20.15384,0,10.3312233391766
2016-09-13 00:00:00.000,NaN,NaN,NaN,NaN,NaN,NaN,NaN,NaN,NaN,NaN,NaN,NaN,NaN,NaN,NaN,NaN,NaN,NaN,0,0,NaN
2016-09-14 00:00:00.000,NaN,NaN,NaN,NaN,NaN,NaN,NaN,NaN,NaN,NaN,NaN,NaN,NaN,NaN,NaN,NaN,NaN,NaN,0,0,NaN
2016-09-15 00:00:00.000,NaN,NaN,NaN,NaN,NaN,NaN,NaN,NaN,NaN,NaN,NaN,NaN,NaN,NaN,NaN,NaN,NaN,NaN,0,0,NaN
2016-09-16 00:00:00.000,NaN,NaN,NaN,NaN,NaN,NaN,NaN,NaN,NaN,NaN,NaN,NaN,NaN,NaN,NaN,NaN,NaN,NaN,0,0,NaN
2016-09-17 00:00:00.000,NaN,NaN,NaN,NaN,NaN,NaN,NaN,NaN,NaN,NaN,NaN,NaN,NaN,NaN,NaN,NaN,NaN,NaN,0,0,NaN
2016-09-18 00:00:00.000,NaN,NaN,NaN,NaN,NaN,NaN,NaN,NaN,NaN,NaN,NaN,NaN,NaN,NaN,NaN,NaN,NaN,NaN,0,0,NaN
2016-09-19 00:00:00.000,NaN,NaN,NaN,NaN,NaN,NaN,NaN,NaN,NaN,NaN,NaN,NaN,NaN,NaN,NaN,NaN,NaN,NaN,0,0,NaN
2016-09-20 00:00:00.000,NaN,NaN,NaN,NaN,NaN,NaN,NaN,NaN,NaN,NaN,NaN,NaN,NaN,NaN,NaN,NaN,NaN,NaN,0,0,NaN
2016-09-21 00:00:00.000,NaN,NaN,NaN,NaN,NaN,NaN,NaN,NaN,NaN,NaN,NaN,NaN,NaN,NaN,NaN,NaN,NaN,NaN,0,0,NaN
2016-09-22 00:00:00.000,NaN,NaN,NaN,NaN,NaN,NaN,NaN,NaN,NaN,NaN,NaN,NaN,NaN,NaN,NaN,NaN,NaN,NaN,0,0,NaN
2016-09-23 00:00:00.000,NaN,NaN,NaN,NaN,NaN,NaN,NaN,NaN,NaN,NaN,NaN,NaN,NaN,NaN,NaN,NaN,NaN,NaN,0,0,NaN
2016-09-24 00:00:00.000,NaN,NaN,NaN,NaN,NaN,NaN,NaN,NaN,NaN,NaN,NaN,NaN,NaN,NaN,NaN,NaN,NaN,NaN,0,0,NaN
2016-09-25 00:00:00.000,NaN,NaN,NaN,NaN,NaN,NaN,NaN,NaN,NaN,NaN,NaN,NaN,NaN,NaN,NaN,NaN,NaN,NaN,0,0,NaN
2016-09-26 00:00:00.000,NaN,NaN,NaN,NaN,NaN,NaN,NaN,NaN,NaN,NaN,NaN,NaN,NaN,NaN,NaN,NaN,NaN,NaN,0,0,NaN
2016-09-27 00:00:00.000,NaN,NaN,NaN,NaN,NaN,NaN,NaN,NaN,NaN,NaN,NaN,NaN,NaN,NaN,NaN,NaN,NaN,NaN,0,0,NaN
2016-09-28 00:00:00.000,NaN,NaN,NaN,NaN,NaN,NaN,NaN,NaN,NaN,NaN,NaN,NaN,NaN,NaN,NaN,NaN,NaN,NaN,0,0,NaN
2016-09-29 00:00:00.000,NaN,NaN,NaN,NaN,NaN,NaN,NaN,NaN,NaN,NaN,NaN,NaN,NaN,NaN,NaN,NaN,NaN,NaN,0,0,NaN
2016-09-30 00:00:00.000,NaN,NaN,NaN,NaN,NaN,NaN,NaN,NaN,NaN,NaN,NaN,NaN,NaN,NaN,NaN,NaN,NaN,NaN,0,0,NaN
2016-10-01 00:00:00.000,NaN,NaN,NaN,NaN,NaN,NaN,NaN,NaN,NaN,NaN,NaN,NaN,NaN,NaN,NaN,NaN,NaN,NaN,0,0,NaN
2016-10-02 00:00:00.000,NaN,NaN,NaN,NaN,NaN,NaN,NaN,NaN,NaN,NaN,NaN,NaN,NaN,NaN,NaN,NaN,NaN,NaN,0,0,NaN
2016-10-03 00:00:00.000,NaN,NaN,NaN,NaN,NaN,NaN,NaN,NaN,NaN,NaN,NaN,NaN,NaN,NaN,NaN,NaN,NaN,NaN,0,0,NaN
2016-10-04 00:00:00.000,NaN,NaN,NaN,NaN,NaN,NaN,NaN,NaN,NaN,NaN,NaN,NaN,NaN,NaN,NaN,NaN,NaN,NaN,0,0,NaN
2016-10-05 00:00:00.000,NaN,NaN,NaN,NaN,NaN,NaN,NaN,NaN,NaN,NaN,NaN,NaN,NaN,NaN,NaN,NaN,NaN,NaN,0,0,NaN
2016-10-06 00:00:00.000,NaN,NaN,NaN,27.2333333333333,32.3,24.4,75.875,88,56,22.4708333333333,25.7,21.3,100.317916666667,1004.7,1001.2,3.08333333333333,106.041666666667,6.55416666666667,16.64532,1.2,5.08407433244634
2016-10-07 00:00:00.000,NaN,NaN,NaN,27.85,33.5,24.7,64.7083333333333,80,36,20.1291666666667,21.6,16.2,100.26875,1004.5,1000.5,3.9375,111.5,8.22083333333333,18.412744,0.2,8.58589730995743
2016-10-08 00:00:00.000,NaN,NaN,NaN,28.2625,36.3,24.6,60.2916666666667,76,28,19.2333333333333,20.9,14.7,100.202916666667,1004.3,999,4.34166666666667,127.708333333333,9.89166666666667,21.229085,0,11.7776169713474
2016-10-09 00:00:00.000,NaN,NaN,NaN,28.15,36.3,24.6,56.5,73,26,17.9625,20.3,13.2,100.285416666667,1005.4,1000.1,6.00416666666667,116.875,11.9583333333333,22.72866,0,13.142158663959
2016-10-10 00:00:00.000,NaN,NaN,NaN,28.7666666666667,36.3,25.1,56.5,74,25,18.3041666666667,20.9,13,99.99125,1002.2,996.8,5.75416666666667,108.083333333333,11.7416666666667,25.05037,0,12.7495608359864
2016-10-11 00:00:00.000,NaN,NaN,NaN,28.8,35.9,25.7,60.625,76,30,19.85,21.5,15.1,100.029166666667,1002.3,997.5,5.93333333333333,102.458333333333,11.35,21.89024,0,11.4673482359354
2016-10-12 00:00:00.000,NaN,NaN,NaN,28.8875,35.2,26,62.0833333333333,77,37,20.3875,22.2,17.3,99.87625,1000.5,996.9,5.17083333333333,103.958333333333,9.7375,19.0297,0,10.5583545158212
2016-10-13 00:00:00.000,NaN,NaN,NaN,NaN,NaN,NaN,NaN,NaN,NaN,NaN,NaN,NaN,NaN,NaN,NaN,NaN,NaN,NaN,0,0,NaN
2016-10-14 00:00:00.000,NaN,NaN,NaN,NaN,NaN,NaN,NaN,NaN,NaN,NaN,NaN,NaN,NaN,NaN,NaN,NaN,NaN,NaN,0,0,NaN
2016-10-15 00:00:00.000,NaN,NaN,NaN,NaN,NaN,NaN,NaN,NaN,NaN,NaN,NaN,NaN,NaN,NaN,NaN,NaN,NaN,NaN,0,0,NaN
2016-10-16 00:00:00.000,NaN,NaN,NaN,NaN,NaN,NaN,NaN,NaN,NaN,NaN,NaN,NaN,NaN,NaN,NaN,NaN,NaN,NaN,0,0,NaN
2016-10-17 00:00:00.000,NaN,NaN,NaN,NaN,NaN,NaN,NaN,NaN,NaN,NaN,NaN,NaN,NaN,NaN,NaN,NaN,NaN,NaN,0,0,NaN
2016-10-18 00:00:00.000,NaN,NaN,NaN,NaN,NaN,NaN,NaN,NaN,NaN,NaN,NaN,NaN,NaN,NaN,NaN,NaN,NaN,NaN,0,0,NaN
2016-10-19 00:00:00.000,NaN,NaN,NaN,NaN,NaN,NaN,NaN,NaN,NaN,NaN,NaN,NaN,NaN,NaN,NaN,NaN,NaN,NaN,0,0,NaN
2016-10-20 00:00:00.000,NaN,NaN,NaN,NaN,NaN,NaN,NaN,NaN,NaN,NaN,NaN,NaN,NaN,NaN,NaN,NaN,NaN,NaN,0,0,NaN
2016-10-21 00:00:00.000,NaN,NaN,NaN,NaN,NaN,NaN,NaN,NaN,NaN,NaN,NaN,NaN,NaN,NaN,NaN,NaN,NaN,NaN,0,0,NaN
2016-10-22 00:00:00.000,NaN,NaN,NaN,NaN,NaN,NaN,NaN,NaN,NaN,NaN,NaN,NaN,NaN,NaN,NaN,NaN,NaN,NaN,0,0,NaN
2016-10-23 00:00:00.000,NaN,NaN,NaN,NaN,NaN,NaN,NaN,NaN,NaN,NaN,NaN,NaN,NaN,NaN,NaN,NaN,NaN,NaN,0,0,NaN
2016-10-24 00:00:00.000,NaN,NaN,NaN,NaN,NaN,NaN,NaN,NaN,NaN,NaN,NaN,NaN,NaN,NaN,NaN,NaN,NaN,NaN,0,0,NaN
2016-10-25 00:00:00.000,NaN,NaN,NaN,NaN,NaN,NaN,NaN,NaN,NaN,NaN,NaN,NaN,NaN,NaN,NaN,NaN,NaN,NaN,0,0,NaN
2016-10-26 00:00:00.000,NaN,NaN,NaN,NaN,NaN,NaN,NaN,NaN,NaN,NaN,NaN,NaN,NaN,NaN,NaN,NaN,NaN,NaN,0,0,NaN
2016-10-27 00:00:00.000,NaN,NaN,NaN,NaN,NaN,NaN,NaN,NaN,NaN,NaN,NaN,NaN,NaN,NaN,NaN,NaN,NaN,NaN,0,0,NaN
2016-10-28 00:00:00.000,NaN,NaN,NaN,NaN,NaN,NaN,NaN,NaN,NaN,NaN,NaN,NaN,NaN,NaN,NaN,NaN,NaN,NaN,0,0,NaN
2016-10-29 00:00:00.000,NaN,NaN,NaN,NaN,NaN,NaN,NaN,NaN,NaN,NaN,NaN,NaN,NaN,NaN,NaN,NaN,NaN,NaN,0,0,NaN
2016-10-30 00:00:00.000,NaN,NaN,NaN,NaN,NaN,NaN,NaN,NaN,NaN,NaN,NaN,NaN,NaN,NaN,NaN,NaN,NaN,NaN,0,0,NaN
2016-10-31 00:00:00.000,NaN,NaN,NaN,NaN,NaN,NaN,NaN,NaN,NaN,NaN,NaN,NaN,NaN,NaN,NaN,NaN,NaN,NaN,0,0,NaN
2016-11-01 00:00:00.000,NaN,NaN,NaN,NaN,NaN,NaN,NaN,NaN,NaN,NaN,NaN,NaN,NaN,NaN,NaN,NaN,NaN,NaN,0,0,NaN
2016-11-02 00:00:00.000,NaN,NaN,NaN,NaN,NaN,NaN,NaN,NaN,NaN,NaN,NaN,NaN,NaN,NaN,NaN,NaN,NaN,NaN,0,0,NaN
2016-11-03 00:00:00.000,NaN,NaN,NaN,NaN,NaN,NaN,NaN,NaN,NaN,NaN,NaN,NaN,NaN,NaN,NaN,NaN,NaN,NaN,0,0,NaN
2016-11-04 00:00:00.000,NaN,NaN,NaN,NaN,NaN,NaN,NaN,NaN,NaN,NaN,NaN,NaN,NaN,NaN,NaN,NaN,NaN,NaN,0,0,NaN
2016-11-05 00:00:00.000,NaN,NaN,NaN,NaN,NaN,NaN,NaN,NaN,NaN,NaN,NaN,NaN,NaN,NaN,NaN,NaN,NaN,NaN,0,0,NaN
2016-11-06 00:00:00.000,NaN,NaN,NaN,27.1958333333333,32.4,24.4,75.9166666666667,88,53,22.4458333333333,23.6,20.7,100.424166666667,1005.9,1002.3,3.04583333333333,94.375,6.27916666666667,15.863131,0.6,5.0782978558619
2016-11-07 00:00:00.000,NaN,NaN,NaN,27.6041666666667,35.3,24.9,64.9166666666667,79,32,19.9,21.7,15.1,100.15125,1003.5,999.1,4.35416666666667,113.791666666667,9.38333333333333,16.627857,0,9.6998865061051
2016-11-08 00:00:00.000,NaN,NaN,NaN,28.1375,35.5,24.7,58.0833333333333,74,29,18.4208333333333,20.9,14,100.097916666667,1003.2,998.5,5.30416666666667,111.541666666667,11.2291666666667,22.727869,0,12.2032847752869
2016-11-09 00:00:00.000,NaN,NaN,NaN,27.8458333333333,34.3,25,63.3333333333333,78,37,19.8833333333333,21.3,17.1,100.295416666667,1005,999.9,5.61666666666667,111.458333333333,11.3083333333333,17.57359,0,9.69406694935959
2016-11-10 00:00:00.000,NaN,NaN,NaN,29.1541666666667,37.4,25,51.0416666666667,71,19,16.7541666666667,20.8,9.1,99.8870833333333,1001.2,995.2,5.67083333333333,109.958333333333,11.7916666666667,26.12143,0,14.8708501861395
2016-11-11 00:00:00.000,NaN,NaN,NaN,28.6875,34.8,25.5,58.9166666666667,75,34,19.2916666666667,21.1,15.7,99.8691666666667,1001.7,995.3,6.12083333333333,103.166666666667,11.6458333333333,20.61818,0,11.2586253502936
2016-11-12 00:00:00.000,NaN,NaN,NaN,29.1208333333333,35.7,25.7,60.5833333333333,78,32,19.9583333333333,21.9,15.1,99.91375,1000.9,997,5.07916666666667,103.083333333333,9.82916666666667,22.31426,0,10.5275661837317
2016-11-13 00:00:00.000,NaN,NaN,NaN,NaN,NaN,NaN,NaN,NaN,NaN,NaN,NaN,NaN,NaN,NaN,NaN,NaN,NaN,NaN,0,0,NaN
2016-11-14 00:00:00.000,NaN,NaN,NaN,NaN,NaN,NaN,NaN,NaN,NaN,NaN,NaN,NaN,NaN,NaN,NaN,NaN,NaN,NaN,0,0,NaN
2016-11-15 00:00:00.000,NaN,NaN,NaN,NaN,NaN,NaN,NaN,NaN,NaN,NaN,NaN,NaN,NaN,NaN,NaN,NaN,NaN,NaN,0,0,NaN
2016-11-16 00:00:00.000,NaN,NaN,NaN,NaN,NaN,NaN,NaN,NaN,NaN,NaN,NaN,NaN,NaN,NaN,NaN,NaN,NaN,NaN,0,0,NaN
2016-11-17 00:00:00.000,NaN,NaN,NaN,NaN,NaN,NaN,NaN,NaN,NaN,NaN,NaN,NaN,NaN,NaN,NaN,NaN,NaN,NaN,0,0,NaN
2016-11-18 00:00:00.000,NaN,NaN,NaN,NaN,NaN,NaN,NaN,NaN,NaN,NaN,NaN,NaN,NaN,NaN,NaN,NaN,NaN,NaN,0,0,NaN
2016-11-19 00:00:00.000,NaN,NaN,NaN,NaN,NaN,NaN,NaN,NaN,NaN,NaN,NaN,NaN,NaN,NaN,NaN,NaN,NaN,NaN,0,0,NaN
2016-11-20 00:00:00.000,NaN,NaN,NaN,NaN,NaN,NaN,NaN,NaN,NaN,NaN,NaN,NaN,NaN,NaN,NaN,NaN,NaN,NaN,0,0,NaN
2016-11-21 00:00:00.000,NaN,NaN,NaN,NaN,NaN,NaN,NaN,NaN,NaN,NaN,NaN,NaN,NaN,NaN,NaN,NaN,NaN,NaN,0,0,NaN
2016-11-22 00:00:00.000,NaN,NaN,NaN,NaN,NaN,NaN,NaN,NaN,NaN,NaN,NaN,NaN,NaN,NaN,NaN,NaN,NaN,NaN,0,0,NaN
2016-11-23 00:00:00.000,NaN,NaN,NaN,NaN,NaN,NaN,NaN,NaN,NaN,NaN,NaN,NaN,NaN,NaN,NaN,NaN,NaN,NaN,0,0,NaN
2016-11-24 00:00:00.000,NaN,NaN,NaN,NaN,NaN,NaN,NaN,NaN,NaN,NaN,NaN,NaN,NaN,NaN,NaN,NaN,NaN,NaN,0,0,NaN
2016-11-25 00:00:00.000,NaN,NaN,NaN,NaN,NaN,NaN,NaN,NaN,NaN,NaN,NaN,NaN,NaN,NaN,NaN,NaN,NaN,NaN,0,0,NaN
2016-11-26 00:00:00.000,NaN,NaN,NaN,NaN,NaN,NaN,NaN,NaN,NaN,NaN,NaN,NaN,NaN,NaN,NaN,NaN,NaN,NaN,0,0,NaN
2016-11-27 00:00:00.000,NaN,NaN,NaN,NaN,NaN,NaN,NaN,NaN,NaN,NaN,NaN,NaN,NaN,NaN,NaN,NaN,NaN,NaN,0,0,NaN
2016-11-28 00:00:00.000,NaN,NaN,NaN,NaN,NaN,NaN,NaN,NaN,NaN,NaN,NaN,NaN,NaN,NaN,NaN,NaN,NaN,NaN,0,0,NaN
2016-11-29 00:00:00.000,NaN,NaN,NaN,NaN,NaN,NaN,NaN,NaN,NaN,NaN,NaN,NaN,NaN,NaN,NaN,NaN,NaN,NaN,0,0,NaN
2016-11-30 00:00:00.000,NaN,NaN,NaN,NaN,NaN,NaN,NaN,NaN,NaN,NaN,NaN,NaN,NaN,NaN,NaN,NaN,NaN,NaN,0,0,NaN
2016-12-01 00:00:00.000,NaN,NaN,NaN,NaN,NaN,NaN,NaN,NaN,NaN,NaN,NaN,NaN,NaN,NaN,NaN,NaN,NaN,NaN,0,0,NaN
2016-12-02 00:00:00.000,NaN,NaN,NaN,NaN,NaN,NaN,NaN,NaN,NaN,NaN,NaN,NaN,NaN,NaN,NaN,NaN,NaN,NaN,0,0,NaN
2016-12-03 00:00:00.000,NaN,NaN,NaN,NaN,NaN,NaN,NaN,NaN,NaN,NaN,NaN,NaN,NaN,NaN,NaN,NaN,NaN,NaN,0,0,NaN
2016-12-04 00:00:00.000,NaN,NaN,NaN,NaN,NaN,NaN,NaN,NaN,NaN,NaN,NaN,NaN,NaN,NaN,NaN,NaN,NaN,NaN,0,0,NaN
2016-12-05 00:00:00.000,NaN,NaN,NaN,NaN,NaN,NaN,NaN,NaN,NaN,NaN,NaN,NaN,NaN,NaN,NaN,NaN,NaN,NaN,0,0,NaN
2016-12-06 00:00:00.000,NaN,NaN,NaN,26.9791666666667,34,23.8,79.4166666666667,94,53,22.8791666666667,24.7,19.6,100.455,1006.4,1002.4,2.3875,94.2083333333333,5.33333333333333,19.658379,0.6,3.30189442735593
2016-12-07 00:00:00.000,NaN,NaN,NaN,28.2125,35.3,24.7,61,78,31,19.3208333333333,21.3,14.5,100.134583333333,1002.6,999.4,5.075,113.041666666667,10.9416666666667,22.904635,0,10.3979264452588
2016-12-08 00:00:00.000,NaN,NaN,NaN,27.725,35.5,24.5,61.875,79,30,19.1875,20.9,14.1,100.164583333333,1004.2,998.5,5.02916666666667,110.666666666667,9.88333333333333,22.116258,0,10.0216877239826
2016-12-09 00:00:00.000,NaN,NaN,NaN,28.3916666666667,35.6,25.2,59.625,77,30,19.0458333333333,21.4,15.2,100.086666666667,1003.3,997.4,5.34583333333333,109.208333333333,10.6791666666667,22.28832,0,10.9334075609204
2016-12-10 00:00:00.000,NaN,NaN,NaN,28.8416666666667,36.4,25.2,50.7916666666667,69,26,16.8125,19.9,12.6,99.9520833333333,1001.4,997.8,5.575,114.333333333333,11.2833333333333,23.11449,0,15.0033602767018
2016-12-11 00:00:00.000,NaN,NaN,NaN,28.5125,35,25.3,60.1666666666667,77,34,19.4041666666667,21.5,15.8,99.77,999.8,995,5.96666666666667,103.125,11.1041666666667,20.87281,0,10.5429137811011
2016-12-12 00:00:00.000,NaN,NaN,NaN,28.7916666666667,34.5,25.9,62.75,79,40,20.5333333333333,22.4,17.3,99.7891666666667,999.7,995.4,5.4125,103.625,10.1958333333333,19.88853,0,9.44596196181736
2017-04-25 00:00:00.000,763.229838570182,832.041214928053,802.646905578063,NaN,NaN,NaN,NaN,NaN,NaN,NaN,NaN,NaN,NaN,NaN,NaN,NaN,NaN,NaN,NaN,NaN,NaN
2017-04-26 00:00:00.000,702.982342061323,719.026735119678,697.521291862833,NaN,NaN,NaN,NaN,NaN,NaN,NaN,NaN,NaN,NaN,NaN,NaN,NaN,NaN,NaN,NaN,NaN,NaN
2017-04-27 00:00:00.000,757.680657038747,688.064043247943,623.208841601968,NaN,NaN,NaN,NaN,NaN,NaN,NaN,NaN,NaN,NaN,NaN,NaN,NaN,NaN,NaN,NaN,NaN,NaN
2017-04-28 00:00:00.000,965.692584375343,707.46628380729,869.361673644355,NaN,NaN,NaN,NaN,NaN,NaN,NaN,NaN,NaN,NaN,NaN,NaN,NaN,NaN,NaN,NaN,NaN,NaN
2017-04-29 00:00:00.000,1012.86982783332,661.8477085509,995.574056532544,NaN,NaN,NaN,NaN,NaN,NaN,NaN,NaN,NaN,NaN,NaN,NaN,NaN,NaN,NaN,NaN,NaN,NaN
2017-04-30 00:00:00.000,963.724240165192,656.212151906379,1067.27878081054,NaN,NaN,NaN,NaN,NaN,NaN,NaN,NaN,NaN,NaN,NaN,NaN,NaN,NaN,NaN,NaN,NaN,NaN
2017-05-01 00:00:00.000,886.487543521837,727.717047855851,1169.68211068677,NaN,NaN,NaN,NaN,NaN,NaN,NaN,NaN,NaN,NaN,NaN,NaN,NaN,NaN,NaN,NaN,NaN,NaN
2017-05-02 00:00:00.000,783.13117531353,704.498157481548,1296.57434807527,NaN,NaN,NaN,NaN,NaN,NaN,NaN,NaN,NaN,NaN,NaN,NaN,NaN,NaN,NaN,NaN,NaN,NaN
2017-05-03 00:00:00.000,791.113237418929,657.380344373854,1443.65960089306,NaN,NaN,NaN,NaN,NaN,NaN,NaN,NaN,NaN,NaN,NaN,NaN,NaN,NaN,NaN,NaN,NaN,NaN
2017-05-04 00:00:00.000,826.946405424444,625.036563517888,1230.4807668763,NaN,NaN,NaN,NaN,NaN,NaN,NaN,NaN,NaN,NaN,NaN,NaN,NaN,NaN,NaN,NaN,NaN,NaN
2017-05-05 00:00:00.000,917.887595721432,659.912604665123,1246.65833611777,NaN,NaN,NaN,NaN,NaN,NaN,NaN,NaN,NaN,NaN,NaN,NaN,NaN,NaN,NaN,NaN,NaN,NaN
2017-05-06 00:00:00.000,1011.67689027502,642.469282508854,1309.92751870201,NaN,NaN,NaN,NaN,NaN,NaN,NaN,NaN,NaN,NaN,NaN,NaN,NaN,NaN,NaN,NaN,NaN,NaN
2017-05-07 00:00:00.000,966.976855285735,579.500375023471,1366.94268173072,NaN,NaN,NaN,NaN,NaN,NaN,NaN,NaN,NaN,NaN,NaN,NaN,NaN,NaN,NaN,NaN,NaN,NaN
2017-05-08 00:00:00.000,1080.35512833704,570.036090870613,1413.47009689601,NaN,NaN,NaN,NaN,NaN,NaN,NaN,NaN,NaN,NaN,NaN,NaN,NaN,NaN,NaN,NaN,NaN,NaN
2017-05-09 00:00:00.000,1176.49855919708,585.915641660021,1451.43815578915,NaN,NaN,NaN,NaN,NaN,NaN,NaN,NaN,NaN,NaN,NaN,NaN,NaN,NaN,NaN,NaN,NaN,NaN
